name,iterations,real_time,cpu_time,time_unit,bytes_per_second,items_per_second,label,error_occurred,error_message
"BM_Sort_uint32_Random_1",198443008,3.5296,3.52337,ns,,,,,
"BM_Sort_uint32_Random_4",176422912,3.96711,3.96635,ns,,,,,
"BM_Sort_uint32_Random_16",83361792,8.37856,8.37555,ns,,,,,
"BM_Sort_uint32_Random_64",47710208,14.6671,14.6576,ns,,,,,
"BM_Sort_uint32_Random_256",33816576,20.6697,20.6674,ns,,,,,
"BM_Sort_uint32_Random_1024",26476544,26.3267,26.3255,ns,,,,,
"BM_Sort_uint32_Random_16384",18612224,37.6063,37.6049,ns,,,,,
"BM_Sort_uint32_Random_262144",14417920,49.1109,49.1098,ns,,,,,
"BM_Sort_uint32_Ascending_1",198443008,3.55871,3.55207,ns,,,,,
"BM_Sort_uint32_Ascending_4",663224320,1.04451,1.04369,ns,,,,,
"BM_Sort_uint32_Ascending_16",903348224,0.755951,0.755724,ns,,,,,
"BM_Sort_uint32_Ascending_64",483655680,1.44598,1.44569,ns,,,,,
"BM_Sort_uint32_Ascending_256",694681600,1.00571,1.00546,ns,,,,,
"BM_Sort_uint32_Ascending_1024",791150592,0.887048,0.886787,ns,,,,,
"BM_Sort_uint32_Ascending_16384",869269504,0.796027,0.795946,ns,,,,,
"BM_Sort_uint32_Ascending_262144",771489792,0.910151,0.909633,ns,,,,,
"BM_Sort_uint32_Descending_1",197918720,3.52637,3.51909,ns,,,,,
"BM_Sort_uint32_Descending_4",526647296,1.33053,1.32986,ns,,,,,
"BM_Sort_uint32_Descending_16",202113024,3.46881,3.46872,ns,,,,,
"BM_Sort_uint32_Descending_64",361758720,1.91262,1.91268,ns,,,,,
"BM_Sort_uint32_Descending_256",398721024,1.75577,1.75581,ns,,,,,
"BM_Sort_uint32_Descending_1024",375914496,1.86847,1.86852,ns,,,,,
"BM_Sort_uint32_Descending_16384",426246144,1.63868,1.6387,ns,,,,,
"BM_Sort_uint32_Descending_262144",414973952,1.69382,1.69368,ns,,,,,
"BM_Sort_uint32_SingleElement_1",198705152,3.532,3.52534,ns,,,,,
"BM_Sort_uint32_SingleElement_4",671612928,1.05915,1.05855,ns,,,,,
"BM_Sort_uint32_SingleElement_16",905183232,0.765463,0.765242,ns,,,,,
"BM_Sort_uint32_SingleElement_64",800587776,0.858111,0.858031,ns,,,,,
"BM_Sort_uint32_SingleElement_256",1000079360,0.679642,0.679541,ns,,,,,
"BM_Sort_uint32_SingleElement_1024",1000079360,0.642586,0.642521,ns,,,,,
"BM_Sort_uint32_SingleElement_16384",1000079360,0.545574,0.545485,ns,,,,,
"BM_Sort_uint32_SingleElement_262144",1000079360,0.673309,0.672521,ns,,,,,
"BM_Sort_uint32_PipeOrgan_1",199491584,3.52552,3.51874,ns,,,,,
"BM_Sort_uint32_PipeOrgan_4",630456320,1.11363,1.11295,ns,,,,,
"BM_Sort_uint32_PipeOrgan_16",436207616,1.6065,1.60644,ns,,,,,
"BM_Sort_uint32_PipeOrgan_64",169607168,4.10843,4.10842,ns,,,,,
"BM_Sort_uint32_PipeOrgan_256",304873472,2.29691,2.29675,ns,,,,,
"BM_Sort_uint32_PipeOrgan_1024",245628928,2.84539,2.84521,ns,,,,,
"BM_Sort_uint32_PipeOrgan_16384",198967296,3.51061,3.5106,ns,,,,,
"BM_Sort_uint32_PipeOrgan_262144",162004992,4.32046,4.32022,ns,,,,,
"BM_Sort_uint64_Random_1",213123072,3.3142,3.30775,ns,,,,,
"BM_Sort_uint64_Random_4",174325760,4.0527,4.04858,ns,,,,,
"BM_Sort_uint64_Random_16",82575360,8.42538,8.41698,ns,,,,,
"BM_Sort_uint64_Random_64",47448064,14.7789,14.7715,ns,,,,,
"BM_Sort_uint64_Random_256",34078720,20.5497,20.5462,ns,,,,,
"BM_Sort_uint64_Random_1024",26738688,26.2843,26.2835,ns,,,,,
"BM_Sort_uint64_Random_16384",18874368,38.2177,38.217,ns,,,,,
"BM_Sort_uint64_Random_262144",14417920,48.4798,48.4804,ns,,,,,
"BM_Sort_uint64_Ascending_1",211025920,3.30527,3.29914,ns,,,,,
"BM_Sort_uint64_Ascending_4",667680768,1.04614,1.0457,ns,,,,,
"BM_Sort_uint64_Ascending_16",827326464,0.847336,0.847119,ns,,,,,
"BM_Sort_uint64_Ascending_64",680787968,1.02953,1.02935,ns,,,,,
"BM_Sort_uint64_Ascending_256",658767872,1.06482,1.0647,ns,,,,,
"BM_Sort_uint64_Ascending_1024",736100352,0.9489,0.948988,ns,,,,,
"BM_Sort_uint64_Ascending_16384",860094464,0.814796,0.814714,ns,,,,,
"BM_Sort_uint64_Ascending_262144",624427008,1.12194,1.12064,ns,,,,,
"BM_Sort_uint64_Descending_1",212074496,3.29972,3.29338,ns,,,,,
"BM_Sort_uint64_Descending_4",512491520,1.36321,1.36266,ns,,,,,
"BM_Sort_uint64_Descending_16",144703488,4.8556,4.85536,ns,,,,,
"BM_Sort_uint64_Descending_64",391380992,1.78804,1.78808,ns,,,,,
"BM_Sort_uint64_Descending_256",392953856,1.78397,1.78404,ns,,,,,
"BM_Sort_uint64_Descending_1024",367001600,1.91901,1.91921,ns,,,,,
"BM_Sort_uint64_Descending_16384",407109632,1.71561,1.7158,ns,,,,,
"BM_Sort_uint64_Descending_262144",373817344,1.87642,1.87614,ns,,,,,
"BM_Sort_uint64_SingleElement_1",212860928,3.30431,3.29867,ns,,,,,
"BM_Sort_uint64_SingleElement_4",712769536,0.983108,0.982768,ns,,,,,
"BM_Sort_uint64_SingleElement_16",824180736,0.847906,0.847635,ns,,,,,
"BM_Sort_uint64_SingleElement_64",735838208,0.969482,0.969321,ns,,,,,
"BM_Sort_uint64_SingleElement_256",855638016,0.820471,0.820372,ns,,,,,
"BM_Sort_uint64_SingleElement_1024",923271168,0.759238,0.759344,ns,,,,,
"BM_Sort_uint64_SingleElement_16384",1000079360,0.594639,0.594487,ns,,,,,
"BM_Sort_uint64_SingleElement_262144",732692480,0.954044,0.953932,ns,,,,,
"BM_Sort_uint64_PipeOrgan_1",211812352,3.30451,3.29851,ns,,,,,
"BM_Sort_uint64_PipeOrgan_4",661913600,1.07817,1.07746,ns,,,,,
"BM_Sort_uint64_PipeOrgan_16",309329920,2.22622,2.22612,ns,,,,,
"BM_Sort_uint64_PipeOrgan_64",128450560,5.49632,5.49599,ns,,,,,
"BM_Sort_uint64_PipeOrgan_256",236191744,2.85872,2.8586,ns,,,,,
"BM_Sort_uint64_PipeOrgan_1024",206831616,3.1773,3.17735,ns,,,,,
"BM_Sort_uint64_PipeOrgan_16384",190316544,3.6414,3.64134,ns,,,,,
"BM_Sort_uint64_PipeOrgan_262144",149684224,4.68662,4.68675,ns,,,,,
"BM_Sort_pair<uint32, uint32>_Random_1",218890240,3.08449,3.0783,ns,,,,,
"BM_Sort_pair<uint32, uint32>_Random_4",139198464,5.03257,5.02716,ns,,,,,
"BM_Sort_pair<uint32, uint32>_Random_16",35913728,19.3195,19.3057,ns,,,,,
"BM_Sort_pair<uint32, uint32>_Random_64",25690112,27.3005,27.2928,ns,,,,,
"BM_Sort_pair<uint32, uint32>_Random_256",21233664,33.22,33.216,ns,,,,,
"BM_Sort_pair<uint32, uint32>_Random_1024",18087936,39.2614,39.2599,ns,,,,,
"BM_Sort_pair<uint32, uint32>_Random_16384",13631488,52.3278,52.3259,ns,,,,,
"BM_Sort_pair<uint32, uint32>_Random_262144",11010048,64.1781,64.1764,ns,,,,,
"BM_Sort_pair<uint32, uint32>_Ascending_1",226492416,3.10293,3.09601,ns,,,,,
"BM_Sort_pair<uint32, uint32>_Ascending_4",440139776,1.59054,1.5899,ns,,,,,
"BM_Sort_pair<uint32, uint32>_Ascending_16",347865088,2.01284,2.01249,ns,,,,,
"BM_Sort_pair<uint32, uint32>_Ascending_64",605552640,1.1496,1.14951,ns,,,,,
"BM_Sort_pair<uint32, uint32>_Ascending_256",561250304,1.27129,1.2712,ns,,,,,
"BM_Sort_pair<uint32, uint32>_Ascending_1024",596115456,1.19201,1.19194,ns,,,,,
"BM_Sort_pair<uint32, uint32>_Ascending_16384",645398528,1.01893,1.01887,ns,,,,,
"BM_Sort_pair<uint32, uint32>_Ascending_262144",714080256,0.986534,0.98645,ns,,,,,
"BM_Sort_pair<uint32, uint32>_Descending_1",225968128,3.0939,3.08793,ns,,,,,
"BM_Sort_pair<uint32, uint32>_Descending_4",308281344,2.25955,2.259,ns,,,,,
"BM_Sort_pair<uint32, uint32>_Descending_16",162791424,4.30194,4.30157,ns,,,,,
"BM_Sort_pair<uint32, uint32>_Descending_64",260046848,2.71314,2.71314,ns,,,,,
"BM_Sort_pair<uint32, uint32>_Descending_256",290455552,2.39741,2.39752,ns,,,,,
"BM_Sort_pair<uint32, uint32>_Descending_1024",272367616,2.57254,2.57269,ns,,,,,
"BM_Sort_pair<uint32, uint32>_Descending_16384",296484864,2.35584,2.35573,ns,,,,,
"BM_Sort_pair<uint32, uint32>_Descending_262144",298582016,2.34684,2.34672,ns,,,,,
"BM_Sort_pair<uint32, uint32>_SingleElement_1",225705984,3.10849,3.10168,ns,,,,,
"BM_Sort_pair<uint32, uint32>_SingleElement_4",430964736,1.62824,1.6275,ns,,,,,
"BM_Sort_pair<uint32, uint32>_SingleElement_16",508559360,1.37086,1.3707,ns,,,,,
"BM_Sort_pair<uint32, uint32>_SingleElement_64",495714304,1.41241,1.41235,ns,,,,,
"BM_Sort_pair<uint32, uint32>_SingleElement_256",542375936,1.29381,1.29374,ns,,,,,
"BM_Sort_pair<uint32, uint32>_SingleElement_1024",579862528,1.20516,1.20516,ns,,,,,
"BM_Sort_pair<uint32, uint32>_SingleElement_16384",653000704,1.07292,1.07277,ns,,,,,
"BM_Sort_pair<uint32, uint32>_SingleElement_262144",662700032,1.05478,1.05462,ns,,,,,
"BM_Sort_pair<uint32, uint32>_PipeOrgan_1",227540992,3.09464,3.08812,ns,,,,,
"BM_Sort_pair<uint32, uint32>_PipeOrgan_4",429129728,1.63499,1.63444,ns,,,,,
"BM_Sort_pair<uint32, uint32>_PipeOrgan_16",166985728,4.16992,4.16964,ns,,,,,
"BM_Sort_pair<uint32, uint32>_PipeOrgan_64",182714368,3.81631,3.81613,ns,,,,,
"BM_Sort_pair<uint32, uint32>_PipeOrgan_256",150732800,4.66445,4.66424,ns,,,,,
"BM_Sort_pair<uint32, uint32>_PipeOrgan_1024",132382720,5.25007,5.25007,ns,,,,,
"BM_Sort_pair<uint32, uint32>_PipeOrgan_16384",113246208,6.07112,6.0706,ns,,,,,
"BM_Sort_pair<uint32, uint32>_PipeOrgan_262144",108003328,6.42868,6.42865,ns,,,,,
"BM_Sort_tuple<uint32, uint64, uint32>_Random_1",214958080,3.25373,3.24741,ns,,,,,
"BM_Sort_tuple<uint32, uint64, uint32>_Random_4",116916224,5.93764,5.9276,ns,,,,,
"BM_Sort_tuple<uint32, uint64, uint32>_Random_16",30408704,23.1287,23.108,ns,,,,,
"BM_Sort_tuple<uint32, uint64, uint32>_Random_64",21233664,33.0675,33.0364,ns,,,,,
"BM_Sort_tuple<uint32, uint64, uint32>_Random_256",18087936,39.1712,39.1604,ns,,,,,
"BM_Sort_tuple<uint32, uint64, uint32>_Random_1024",15466496,45.2948,45.2911,ns,,,,,
"BM_Sort_tuple<uint32, uint64, uint32>_Random_16384",12320768,58.1466,58.143,ns,,,,,
"BM_Sort_tuple<uint32, uint64, uint32>_Random_262144",9961472,70.9901,70.9879,ns,,,,,
"BM_Sort_tuple<uint32, uint64, uint32>_Ascending_1",216268800,3.23188,3.22472,ns,,,,,
"BM_Sort_tuple<uint32, uint64, uint32>_Ascending_4",352321536,1.98164,1.97976,ns,,,,,
"BM_Sort_tuple<uint32, uint64, uint32>_Ascending_16",263192576,2.65895,2.65763,ns,,,,,
"BM_Sort_tuple<uint32, uint64, uint32>_Ascending_64",321388544,2.15913,2.15791,ns,,,,,
"BM_Sort_tuple<uint32, uint64, uint32>_Ascending_256",305397760,2.29832,2.29713,ns,,,,,
"BM_Sort_tuple<uint32, uint64, uint32>_Ascending_1024",369098752,1.89268,1.8911,ns,,,,,
"BM_Sort_tuple<uint32, uint64, uint32>_Ascending_16384",414711808,1.71634,1.7154,ns,,,,,
"BM_Sort_tuple<uint32, uint64, uint32>_Ascending_262144",430178304,1.63399,1.63354,ns,,,,,
"BM_Sort_tuple<uint32, uint64, uint32>_Descending_1",217579520,3.22067,3.213,ns,,,,,
"BM_Sort_tuple<uint32, uint64, uint32>_Descending_4",223870976,3.122,3.11921,ns,,,,,
"BM_Sort_tuple<uint32, uint64, uint32>_Descending_16",130809856,5.36253,5.36097,ns,,,,,
"BM_Sort_tuple<uint32, uint64, uint32>_Descending_64",178257920,3.9016,3.90076,ns,,,,,
"BM_Sort_tuple<uint32, uint64, uint32>_Descending_256",213385216,3.29183,3.29047,ns,,,,,
"BM_Sort_tuple<uint32, uint64, uint32>_Descending_1024",192675840,3.66618,3.66524,ns,,,,,
"BM_Sort_tuple<uint32, uint64, uint32>_Descending_16384",197656576,3.53327,3.53227,ns,,,,,
"BM_Sort_tuple<uint32, uint64, uint32>_Descending_262144",195821568,3.57909,3.57861,ns,,,,,
"BM_Sort_tuple<uint32, uint64, uint32>_SingleElement_1",217841664,3.23283,3.22516,ns,,,,,
"BM_Sort_tuple<uint32, uint64, uint32>_SingleElement_4",339738624,2.04783,2.04496,ns,,,,,
"BM_Sort_tuple<uint32, uint64, uint32>_SingleElement_16",348127232,2.00598,2.0047,ns,,,,,
"BM_Sort_tuple<uint32, uint64, uint32>_SingleElement_64",281018368,2.50789,2.50686,ns,,,,,
"BM_Sort_tuple<uint32, uint64, uint32>_SingleElement_256",293339136,2.39789,2.39671,ns,,,,,
"BM_Sort_tuple<uint32, uint64, uint32>_SingleElement_1024",317718528,2.20483,2.20342,ns,,,,,
"BM_Sort_tuple<uint32, uint64, uint32>_SingleElement_16384",382468096,1.82984,1.82861,ns,,,,,
"BM_Sort_tuple<uint32, uint64, uint32>_SingleElement_262144",388235264,1.80464,1.80416,ns,,,,,
"BM_Sort_tuple<uint32, uint64, uint32>_PipeOrgan_1",217579520,3.22371,3.21629,ns,,,,,
"BM_Sort_tuple<uint32, uint64, uint32>_PipeOrgan_4",316407808,2.20598,2.20317,ns,,,,,
"BM_Sort_tuple<uint32, uint64, uint32>_PipeOrgan_16",138412032,5.06497,5.06349,ns,,,,,
"BM_Sort_tuple<uint32, uint64, uint32>_PipeOrgan_64",136052736,5.12791,5.12641,ns,,,,,
"BM_Sort_tuple<uint32, uint64, uint32>_PipeOrgan_256",112984064,6.22098,6.2198,ns,,,,,
"BM_Sort_tuple<uint32, uint64, uint32>_PipeOrgan_1024",99876864,7.02818,7.0263,ns,,,,,
"BM_Sort_tuple<uint32, uint64, uint32>_PipeOrgan_16384",86245376,8.18436,8.18307,ns,,,,,
"BM_Sort_tuple<uint32, uint64, uint32>_PipeOrgan_262144",73400320,9.51215,9.51176,ns,,,,,
"BM_Sort_string_Random_1",182714368,3.87794,3.86993,ns,,,,,
"BM_Sort_string_Random_4",38273024,18.3237,18.3163,ns,,,,,
"BM_Sort_string_Random_16",14942208,47.2431,47.2313,ns,,,,,
"BM_Sort_string_Random_64",10485760,67.3917,67.3841,ns,,,,,
"BM_Sort_string_Random_256",8388608,85.2672,85.2556,ns,,,,,
"BM_Sort_string_Random_1024",6815744,104.457,104.445,ns,,,,,
"BM_Sort_string_Random_16384",4456448,162.931,162.925,ns,,,,,
"BM_Sort_string_Random_262144",2883584,255.314,255.308,ns,,,,,
"BM_Sort_string_Ascending_1",181927936,3.84235,3.83544,ns,,,,,
"BM_Sort_string_Ascending_4",56623104,12.2546,12.253,ns,,,,,
"BM_Sort_string_Ascending_16",34603008,20.3512,20.348,ns,,,,,
"BM_Sort_string_Ascending_64",31457280,22.5912,22.5869,ns,,,,,
"BM_Sort_string_Ascending_256",32505856,21.4209,21.417,ns,,,,,
"BM_Sort_string_Ascending_1024",31981568,21.6724,21.6676,ns,,,,,
"BM_Sort_string_Ascending_16384",25690112,27.4744,27.4736,ns,,,,,
"BM_Sort_string_Ascending_262144",14942208,45.1384,45.1369,ns,,,,,
"BM_Sort_string_Descending_1",182452224,3.85499,3.8475,ns,,,,,
"BM_Sort_string_Descending_4",47710208,14.6754,14.6726,ns,,,,,
"BM_Sort_string_Descending_16",24903680,28.2239,28.2172,ns,,,,,
"BM_Sort_string_Descending_64",25165824,28.3896,28.3825,ns,,,,,
"BM_Sort_string_Descending_256",25165824,27.6506,27.6462,ns,,,,,
"BM_Sort_string_Descending_1024",21757952,32.031,32.0284,ns,,,,,
"BM_Sort_string_Descending_16384",16515072,43.235,43.2321,ns,,,,,
"BM_Sort_string_Descending_262144",9961472,73.4948,73.4906,ns,,,,,
"BM_Sort_string_SingleElement_1",182714368,3.8417,3.83528,ns,,,,,
"BM_Sort_string_SingleElement_4",65798144,10.4997,10.4982,ns,,,,,
"BM_Sort_string_SingleElement_16",33030144,21.035,21.0324,ns,,,,,
"BM_Sort_string_SingleElement_64",32768000,21.8238,21.8183,ns,,,,,
"BM_Sort_string_SingleElement_256",40894464,17.2574,17.2543,ns,,,,,
"BM_Sort_string_SingleElement_1024",44302336,15.7529,15.7502,ns,,,,,
"BM_Sort_string_SingleElement_16384",53477376,13.2816,13.2819,ns,,,,,
"BM_Sort_string_SingleElement_262144",46399488,15.145,15.1443,ns,,,,,
"BM_Sort_string_PipeOrgan_1",182190080,3.8488,3.84215,ns,,,,,
"BM_Sort_string_PipeOrgan_4",50331648,13.8767,13.8748,ns,,,,,
"BM_Sort_string_PipeOrgan_16",25690112,27.5996,27.5947,ns,,,,,
"BM_Sort_string_PipeOrgan_64",19922944,35.2506,35.2461,ns,,,,,
"BM_Sort_string_PipeOrgan_256",17039360,41.6724,41.665,ns,,,,,
"BM_Sort_string_PipeOrgan_1024",14942208,47.7102,47.7041,ns,,,,,
"BM_Sort_string_PipeOrgan_16384",10747904,66.3113,66.3075,ns,,,,,
"BM_Sort_string_PipeOrgan_262144",6291456,113.646,113.645,ns,,,,,
"BM_BitsetSort_uint32_Random_1",173539328,4.05543,4.04979,ns,,,,,
"BM_BitsetSort_uint32_Random_4",466878464,1.49724,1.49619,ns,,,,,
"BM_BitsetSort_uint32_Random_16",198705152,3.51595,3.51304,ns,,,,,
"BM_BitsetSort_uint32_Random_64",90439680,7.76419,7.76156,ns,,,,,
"BM_BitsetSort_uint32_Random_256",69730304,10.0542,10.0527,ns,,,,,
"BM_BitsetSort_uint32_Random_1024",60555264,11.5588,11.5591,ns,,,,,
"BM_BitsetSort_uint32_Random_16384",50331648,13.9686,13.9684,ns,,,,,
"BM_BitsetSort_uint32_Random_262144",42467328,16.4134,16.4128,ns,,,,,
"BM_BitsetSort_uint32_Ascending_1",173801472,4.03782,4.03166,ns,,,,,
"BM_BitsetSort_uint32_Ascending_4",467927040,1.49745,1.49744,ns,,,,,
"BM_BitsetSort_uint32_Ascending_16",212598784,3.28456,3.28456,ns,,,,,
"BM_BitsetSort_uint32_Ascending_64",628621312,1.11193,1.11179,ns,,,,,
"BM_BitsetSort_uint32_Ascending_256",578027520,1.21149,1.21143,ns,,,,,
"BM_BitsetSort_uint32_Ascending_1024",640942080,1.09448,1.09427,ns,,,,,
"BM_BitsetSort_uint32_Ascending_16384",683147264,1.02622,1.02615,ns,,,,,
"BM_BitsetSort_uint32_Ascending_262144",633077760,1.10694,1.10586,ns,,,,,
"BM_BitsetSort_uint32_Descending_1",174325760,4.04346,4.03799,ns,,,,,
"BM_BitsetSort_uint32_Descending_4",467140608,1.49609,1.49611,ns,,,,,
"BM_BitsetSort_uint32_Descending_16",211812352,3.28788,3.2879,ns,,,,,
"BM_BitsetSort_uint32_Descending_64",133955584,5.21319,5.21305,ns,,,,,
"BM_BitsetSort_uint32_Descending_256",308281344,2.27885,2.27878,ns,,,,,
"BM_BitsetSort_uint32_Descending_1024",347078656,2.02015,2.0201,ns,,,,,
"BM_BitsetSort_uint32_Descending_16384",372768768,1.88269,1.8827,ns,,,,,
"BM_BitsetSort_uint32_Descending_262144",369360896,1.90094,1.90025,ns,,,,,
"BM_BitsetSort_uint32_SingleElement_1",173015040,4.0263,4.01917,ns,,,,,
"BM_BitsetSort_uint32_SingleElement_4",468451328,1.49911,1.4991,ns,,,,,
"BM_BitsetSort_uint32_SingleElement_16",207355904,3.26908,3.26914,ns,,,,,
"BM_BitsetSort_uint32_SingleElement_64",542113792,1.29346,1.29325,ns,,,,,
"BM_BitsetSort_uint32_SingleElement_256",689438720,1.01491,1.01479,ns,,,,,
"BM_BitsetSort_uint32_SingleElement_1024",757071872,0.927899,0.927671,ns,,,,,
"BM_BitsetSort_uint32_SingleElement_16384",803471360,0.873776,0.873751,ns,,,,,
"BM_BitsetSort_uint32_SingleElement_262144",734789632,0.95248,0.952031,ns,,,,,
"BM_BitsetSort_uint32_PipeOrgan_1",173801472,4.01715,4.01334,ns,,,,,
"BM_BitsetSort_uint32_PipeOrgan_4",468975616,1.49706,1.49693,ns,,,,,
"BM_BitsetSort_uint32_PipeOrgan_16",212598784,3.31724,3.31715,ns,,,,,
"BM_BitsetSort_uint32_PipeOrgan_64",215220224,3.27288,3.27295,ns,,,,,
"BM_BitsetSort_uint32_PipeOrgan_256",267911168,2.60051,2.60028,ns,,,,,
"BM_BitsetSort_uint32_PipeOrgan_1024",138412032,5.07051,5.07019,ns,,,,,
"BM_BitsetSort_uint32_PipeOrgan_16384",117440512,5.96991,5.96959,ns,,,,,
"BM_BitsetSort_uint32_PipeOrgan_262144",103022592,6.82643,6.82587,ns,,,,,
"BM_BitsetSort_uint64_Random_1",162267136,4.32459,4.32174,ns,,,,,
"BM_BitsetSort_uint64_Random_4",467402752,1.49779,1.4962,ns,,,,,
"BM_BitsetSort_uint64_Random_16",214695936,3.25034,3.24841,ns,,,,,
"BM_BitsetSort_uint64_Random_64",91488256,7.70559,7.70356,ns,,,,,
"BM_BitsetSort_uint64_Random_256",69468160,10.1332,10.1321,ns,,,,,
"BM_BitsetSort_uint64_Random_1024",61341696,11.4889,11.4891,ns,,,,,
"BM_BitsetSort_uint64_Random_16384",51904512,13.5566,13.5566,ns,,,,,
"BM_BitsetSort_uint64_Random_262144",44040192,15.9317,15.9287,ns,,,,,
"BM_BitsetSort_uint64_Ascending_1",163840000,4.27554,4.27278,ns,,,,,
"BM_BitsetSort_uint64_Ascending_4",468451328,1.49739,1.49721,ns,,,,,
"BM_BitsetSort_uint64_Ascending_16",215220224,3.25235,3.25245,ns,,,,,
"BM_BitsetSort_uint64_Ascending_64",607649792,1.15383,1.15373,ns,,,,,
"BM_BitsetSort_uint64_Ascending_256",534511616,1.31345,1.31345,ns,,,,,
"BM_BitsetSort_uint64_Ascending_1024",607125504,1.15286,1.1529,ns,,,,,
"BM_BitsetSort_uint64_Ascending_16384",672137216,1.04131,1.04128,ns,,,,,
"BM_BitsetSort_uint64_Ascending_262144",553910272,1.26928,1.26767,ns,,,,,
"BM_BitsetSort_uint64_Descending_1",162004992,4.27136,4.26856,ns,,,,,
"BM_BitsetSort_uint64_Descending_4",466616320,1.54018,1.54001,ns,,,,,
"BM_BitsetSort_uint64_Descending_16",211812352,3.24872,3.24882,ns,,,,,
"BM_BitsetSort_uint64_Descending_64",131858432,5.31698,5.31708,ns,,,,,
"BM_BitsetSort_uint64_Descending_256",290455552,2.37795,2.37803,ns,,,,,
"BM_BitsetSort_uint64_Descending_1024",343670784,2.066,2.06632,ns,,,,,
"BM_BitsetSort_uint64_Descending_16384",382205952,1.83208,1.83233,ns,,,,,
"BM_BitsetSort_uint64_Descending_262144",347340800,1.98948,1.98798,ns,,,,,
"BM_BitsetSort_uint64_SingleElement_1",163577856,4.27249,4.26961,ns,,,,,
"BM_BitsetSort_uint64_SingleElement_4",468713472,1.5026,1.50254,ns,,,,,
"BM_BitsetSort_uint64_SingleElement_16",194772992,3.26711,3.26719,ns,,,,,
"BM_BitsetSort_uint64_SingleElement_64",607125504,1.0866,1.08658,ns,,,,,
"BM_BitsetSort_uint64_SingleElement_256",630980608,1.10726,1.10725,ns,,,,,
"BM_BitsetSort_uint64_SingleElement_1024",721682432,0.973422,0.973536,ns,,,,,
"BM_BitsetSort_uint64_SingleElement_16384",795082752,0.880919,0.880889,ns,,,,,
"BM_BitsetSort_uint64_SingleElement_262144",616824832,1.13718,1.13562,ns,,,,,
"BM_BitsetSort_uint64_PipeOrgan_1",163315712,4.2748,4.27199,ns,,,,,
"BM_BitsetSort_uint64_PipeOrgan_4",467927040,1.49938,1.49932,ns,,,,,
"BM_BitsetSort_uint64_PipeOrgan_16",213647360,3.242,3.2421,ns,,,,,
"BM_BitsetSort_uint64_PipeOrgan_64",210763776,3.32435,3.32446,ns,,,,,
"BM_BitsetSort_uint64_PipeOrgan_256",256376832,2.7107,2.71077,ns,,,,,
"BM_BitsetSort_uint64_PipeOrgan_1024",134742016,5.22164,5.22177,ns,,,,,
"BM_BitsetSort_uint64_PipeOrgan_16384",115867648,6.06241,6.06261,ns,,,,,
"BM_BitsetSort_uint64_PipeOrgan_262144",99876864,7.03672,7.0354,ns,,,,,
"BM_BitsetSort_pair<uint32, uint32>_Random_1",160694272,4.33596,4.33287,ns,,,,,
"BM_BitsetSort_pair<uint32, uint32>_Random_4",140247040,4.99014,4.98684,ns,,,,,
"BM_BitsetSort_pair<uint32, uint32>_Random_16",57409536,12.2195,12.2123,ns,,,,,
"BM_BitsetSort_pair<uint32, uint32>_Random_64",33030144,21.248,21.2405,ns,,,,,
"BM_BitsetSort_pair<uint32, uint32>_Random_256",28049408,24.957,24.9547,ns,,,,,
"BM_BitsetSort_pair<uint32, uint32>_Random_1024",26476544,26.6585,26.6582,ns,,,,,
"BM_BitsetSort_pair<uint32, uint32>_Random_16384",23855104,29.4089,29.4092,ns,,,,,
"BM_BitsetSort_pair<uint32, uint32>_Random_262144",21757952,32.6117,32.6118,ns,,,,,
"BM_BitsetSort_pair<uint32, uint32>_Ascending_1",162004992,4.31514,4.31193,ns,,,,,
"BM_BitsetSort_pair<uint32, uint32>_Ascending_4",369623040,1.89128,1.89118,ns,,,,,
"BM_BitsetSort_pair<uint32, uint32>_Ascending_16",110886912,6.33433,6.33442,ns,,,,,
"BM_BitsetSort_pair<uint32, uint32>_Ascending_64",335282176,2.08994,2.08987,ns,,,,,
"BM_BitsetSort_pair<uint32, uint32>_Ascending_256",337903616,2.08164,2.08146,ns,,,,,
"BM_BitsetSort_pair<uint32, uint32>_Ascending_1024",366739456,1.90593,1.90585,ns,,,,,
"BM_BitsetSort_pair<uint32, uint32>_Ascending_16384",394526720,1.76911,1.76912,ns,,,,,
"BM_BitsetSort_pair<uint32, uint32>_Ascending_262144",396623872,1.76981,1.76969,ns,,,,,
"BM_BitsetSort_pair<uint32, uint32>_Descending_1",162267136,4.32057,4.31712,ns,,,,,
"BM_BitsetSort_pair<uint32, uint32>_Descending_4",335806464,2.09617,2.09606,ns,,,,,
"BM_BitsetSort_pair<uint32, uint32>_Descending_16",106168320,6.61771,6.61786,ns,,,,,
"BM_BitsetSort_pair<uint32, uint32>_Descending_64",80478208,8.71846,8.71834,ns,,,,,
"BM_BitsetSort_pair<uint32, uint32>_Descending_256",192151552,3.64084,3.64103,ns,,,,,
"BM_BitsetSort_pair<uint32, uint32>_Descending_1024",219152384,3.19213,3.19247,ns,,,,,
"BM_BitsetSort_pair<uint32, uint32>_Descending_16384",241958912,2.91428,2.91434,ns,,,,,
"BM_BitsetSort_pair<uint32, uint32>_Descending_262144",241958912,2.88874,2.88887,ns,,,,,
"BM_BitsetSort_pair<uint32, uint32>_SingleElement_1",162267136,4.32923,4.32516,ns,,,,,
"BM_BitsetSort_pair<uint32, uint32>_SingleElement_4",314048512,2.22083,2.22093,ns,,,,,
"BM_BitsetSort_pair<uint32, uint32>_SingleElement_16",99352576,7.07511,7.07505,ns,,,,,
"BM_BitsetSort_pair<uint32, uint32>_SingleElement_64",310902784,2.2398,2.23979,ns,,,,,
"BM_BitsetSort_pair<uint32, uint32>_SingleElement_256",357040128,1.96862,1.96858,ns,,,,,
"BM_BitsetSort_pair<uint32, uint32>_SingleElement_1024",393740288,1.77606,1.77604,ns,,,,,
"BM_BitsetSort_pair<uint32, uint32>_SingleElement_16384",411828224,1.69198,1.6919,ns,,,,,
"BM_BitsetSort_pair<uint32, uint32>_SingleElement_262144",414711808,1.6869,1.68689,ns,,,,,
"BM_BitsetSort_pair<uint32, uint32>_PipeOrgan_1",161480704,4.3352,4.33201,ns,,,,,
"BM_BitsetSort_pair<uint32, uint32>_PipeOrgan_4",358350848,1.96297,1.96283,ns,,,,,
"BM_BitsetSort_pair<uint32, uint32>_PipeOrgan_16",107479040,6.48722,6.48734,ns,,,,,
"BM_BitsetSort_pair<uint32, uint32>_PipeOrgan_64",112459776,6.2076,6.20756,ns,,,,,
"BM_BitsetSort_pair<uint32, uint32>_PipeOrgan_256",157810688,4.44907,4.44908,ns,,,,,
"BM_BitsetSort_pair<uint32, uint32>_PipeOrgan_1024",84148224,8.26011,8.25995,ns,,,,,
"BM_BitsetSort_pair<uint32, uint32>_PipeOrgan_16384",73924608,9.51453,9.51426,ns,,,,,
"BM_BitsetSort_pair<uint32, uint32>_PipeOrgan_262144",65273856,10.7471,10.7473,ns,,,,,
"BM_BitsetSort_tuple<uint32, uint64, uint32>_Random_1",198967296,3.53758,3.5343,ns,,,,,
"BM_BitsetSort_tuple<uint32, uint64, uint32>_Random_4",132382720,5.26805,5.26669,ns,,,,,
"BM_BitsetSort_tuple<uint32, uint64, uint32>_Random_16",43515904,16.1625,16.1452,ns,,,,,
"BM_BitsetSort_tuple<uint32, uint64, uint32>_Random_64",24117248,29.2756,29.2543,ns,,,,,
"BM_BitsetSort_tuple<uint32, uint64, uint32>_Random_256",20709376,33.9628,33.9542,ns,,,,,
"BM_BitsetSort_tuple<uint32, uint64, uint32>_Random_1024",19398656,36.4828,36.4825,ns,,,,,
"BM_BitsetSort_tuple<uint32, uint64, uint32>_Random_16384",17039360,41.3384,41.3382,ns,,,,,
"BM_BitsetSort_tuple<uint32, uint64, uint32>_Random_262144",14680064,49.0482,49.049,ns,,,,,
"BM_BitsetSort_tuple<uint32, uint64, uint32>_Ascending_1",199229440,3.50922,3.50602,ns,,,,,
"BM_BitsetSort_tuple<uint32, uint64, uint32>_Ascending_4",351535104,1.98505,1.98348,ns,,,,,
"BM_BitsetSort_tuple<uint32, uint64, uint32>_Ascending_16",162267136,4.29992,4.29944,ns,,,,,
"BM_BitsetSort_tuple<uint32, uint64, uint32>_Ascending_64",288096256,2.42957,2.42903,ns,,,,,
"BM_BitsetSort_tuple<uint32, uint64, uint32>_Ascending_256",286785536,2.4498,2.44924,ns,,,,,
"BM_BitsetSort_tuple<uint32, uint64, uint32>_Ascending_1024",334495744,2.10678,2.1064,ns,,,,,
"BM_BitsetSort_tuple<uint32, uint64, uint32>_Ascending_16384",335806464,1.97648,1.97603,ns,,,,,
"BM_BitsetSort_tuple<uint32, uint64, uint32>_Ascending_262144",357302272,1.95713,1.95699,ns,,,,,
"BM_BitsetSort_tuple<uint32, uint64, uint32>_Descending_1",194510848,3.6054,3.60238,ns,,,,,
"BM_BitsetSort_tuple<uint32, uint64, uint32>_Descending_4",240910336,2.87303,2.87145,ns,,,,,
"BM_BitsetSort_tuple<uint32, uint64, uint32>_Descending_16",108265472,6.49049,6.49017,ns,,,,,
"BM_BitsetSort_tuple<uint32, uint64, uint32>_Descending_64",74448896,9.43279,9.4322,ns,,,,,
"BM_BitsetSort_tuple<uint32, uint64, uint32>_Descending_256",146538496,4.8286,4.82828,ns,,,,,
"BM_BitsetSort_tuple<uint32, uint64, uint32>_Descending_1024",166199296,4.21557,4.21511,ns,,,,,
"BM_BitsetSort_tuple<uint32, uint64, uint32>_Descending_16384",166985728,4.20638,4.20608,ns,,,,,
"BM_BitsetSort_tuple<uint32, uint64, uint32>_Descending_262144",168296448,4.16692,4.167,ns,,,,,
"BM_BitsetSort_tuple<uint32, uint64, uint32>_SingleElement_1",198705152,3.52626,3.52342,ns,,,,,
"BM_BitsetSort_tuple<uint32, uint64, uint32>_SingleElement_4",217055232,3.20474,3.20373,ns,,,,,
"BM_BitsetSort_tuple<uint32, uint64, uint32>_SingleElement_16",93323264,7.49506,7.49496,ns,,,,,
"BM_BitsetSort_tuple<uint32, uint64, uint32>_SingleElement_64",270532608,2.57443,2.57405,ns,,,,,
"BM_BitsetSort_tuple<uint32, uint64, uint32>_SingleElement_256",299368448,2.35033,2.3502,ns,,,,,
"BM_BitsetSort_tuple<uint32, uint64, uint32>_SingleElement_1024",348913664,2.0069,2.00668,ns,,,,,
"BM_BitsetSort_tuple<uint32, uint64, uint32>_SingleElement_16384",361496576,1.92718,1.92685,ns,,,,,
"BM_BitsetSort_tuple<uint32, uint64, uint32>_SingleElement_262144",363855872,1.92613,1.92594,ns,,,,,
"BM_BitsetSort_tuple<uint32, uint64, uint32>_PipeOrgan_1",197656576,3.5356,3.53259,ns,,,,,
"BM_BitsetSort_tuple<uint32, uint64, uint32>_PipeOrgan_4",337117184,2.06176,2.06024,ns,,,,,
"BM_BitsetSort_tuple<uint32, uint64, uint32>_PipeOrgan_16",136052736,5.14349,5.14309,ns,,,,,
"BM_BitsetSort_tuple<uint32, uint64, uint32>_PipeOrgan_64",129236992,5.44297,5.44244,ns,,,,,
"BM_BitsetSort_tuple<uint32, uint64, uint32>_PipeOrgan_256",151781376,4.64298,4.6426,ns,,,,,
"BM_BitsetSort_tuple<uint32, uint64, uint32>_PipeOrgan_1024",87031808,8.04449,8.04464,ns,,,,,
"BM_BitsetSort_tuple<uint32, uint64, uint32>_PipeOrgan_16384",73662464,9.53972,9.53989,ns,,,,,
"BM_BitsetSort_tuple<uint32, uint64, uint32>_PipeOrgan_262144",63176704,11.1166,11.1163,ns,,,,,
"BM_BitsetSort_string_Random_1",161742848,4.33483,4.3315,ns,,,,,
"BM_BitsetSort_string_Random_4",38797312,17.9655,17.9557,ns,,,,,
"BM_BitsetSort_string_Random_16",16515072,42.7143,42.7106,ns,,,,,
"BM_BitsetSort_string_Random_64",11534336,61.4902,61.4837,ns,,,,,
"BM_BitsetSort_string_Random_256",9961472,71.8371,71.8321,ns,,,,,
"BM_BitsetSort_string_Random_1024",8388608,83.7321,83.7276,ns,,,,,
"BM_BitsetSort_string_Random_16384",6291456,112.449,112.442,ns,,,,,
"BM_BitsetSort_string_Random_262144",4456448,161.67,161.666,ns,,,,,
"BM_BitsetSort_string_Ascending_1",161218560,4.34548,4.3419,ns,,,,,
"BM_BitsetSort_string_Ascending_4",52166656,13.5881,13.5869,ns,,,,,
"BM_BitsetSort_string_Ascending_16",24117248,29.2748,29.2727,ns,,,,,
"BM_BitsetSort_string_Ascending_64",32768000,21.6099,21.605,ns,,,,,
"BM_BitsetSort_string_Ascending_256",33816576,20.8507,20.847,ns,,,,,
"BM_BitsetSort_string_Ascending_1024",32243712,21.8658,21.8636,ns,,,,,
"BM_BitsetSort_string_Ascending_16384",27262976,25.7851,25.7819,ns,,,,,
"BM_BitsetSort_string_Ascending_262144",17301504,40.7678,40.7669,ns,,,,,
"BM_BitsetSort_string_Descending_1",161742848,4.34301,4.33921,ns,,,,,
"BM_BitsetSort_string_Descending_4",48758784,14.4627,14.4611,ns,,,,,
"BM_BitsetSort_string_Descending_16",23068672,30.6758,30.6717,ns,,,,,
"BM_BitsetSort_string_Descending_64",16777216,41.9867,41.9807,ns,,,,,
"BM_BitsetSort_string_Descending_256",26214400,26.7101,26.7073,ns,,,,,
"BM_BitsetSort_string_Descending_1024",25427968,27.6351,27.6315,ns,,,,,
"BM_BitsetSort_string_Descending_16384",21233664,33.5102,33.5098,ns,,,,,
"BM_BitsetSort_string_Descending_262144",14155776,50.4699,50.4691,ns,,,,,
"BM_BitsetSort_string_SingleElement_1",161742848,4.33833,4.33475,ns,,,,,
"BM_BitsetSort_string_SingleElement_4",54525952,13.0955,13.0933,ns,,,,,
"BM_BitsetSort_string_SingleElement_16",25427968,27.712,27.7088,ns,,,,,
"BM_BitsetSort_string_SingleElement_64",39059456,17.9339,17.931,ns,,,,,
"BM_BitsetSort_string_SingleElement_256",44564480,15.6164,15.614,ns,,,,,
"BM_BitsetSort_string_SingleElement_1024",46923776,14.7322,14.7306,ns,,,,,
"BM_BitsetSort_string_SingleElement_16384",52953088,13.2122,13.2117,ns,,,,,
"BM_BitsetSort_string_SingleElement_262144",40894464,16.9617,16.9602,ns,,,,,
"BM_BitsetSort_string_PipeOrgan_1",161480704,4.34064,4.33765,ns,,,,,
"BM_BitsetSort_string_PipeOrgan_4",50069504,13.9875,13.986,ns,,,,,
"BM_BitsetSort_string_PipeOrgan_16",23330816,30.2095,30.205,ns,,,,,
"BM_BitsetSort_string_PipeOrgan_64",20709376,33.7082,33.7045,ns,,,,,
"BM_BitsetSort_string_PipeOrgan_256",23330816,30.0271,30.0227,ns,,,,,
"BM_BitsetSort_string_PipeOrgan_1024",16252928,43.6793,43.6754,ns,,,,,
"BM_BitsetSort_string_PipeOrgan_16384",12582912,56.264,56.2604,ns,,,,,
"BM_BitsetSort_string_PipeOrgan_262144",8650752,84.1501,84.145,ns,,,,,
"BM_PdqSort_uint32_Random_1",186122240,3.75665,3.75335,ns,,,,,
"BM_PdqSort_uint32_Random_4",142606336,4.91387,4.90869,ns,,,,,
"BM_PdqSort_uint32_Random_16",79953920,8.77898,8.77144,ns,,,,,
"BM_PdqSort_uint32_Random_64",54788096,12.8708,12.8659,ns,,,,,
"BM_PdqSort_uint32_Random_256",45350912,15.425,15.4232,ns,,,,,
"BM_PdqSort_uint32_Random_1024",40370176,17.7406,17.7404,ns,,,,,
"BM_PdqSort_uint32_Random_16384",33554432,20.7332,20.7329,ns,,,,,
"BM_PdqSort_uint32_Random_262144",28835840,24.0294,24.0289,ns,,,,,
"BM_PdqSort_uint32_Ascending_1",186384384,3.76205,3.75885,ns,,,,,
"BM_PdqSort_uint32_Ascending_4",389021696,1.8016,1.80134,ns,,,,,
"BM_PdqSort_uint32_Ascending_16",772014080,0.908015,0.907867,ns,,,,,
"BM_PdqSort_uint32_Ascending_64",693895168,1.01209,1.01189,ns,,,,,
"BM_PdqSort_uint32_Ascending_256",662700032,1.05629,1.05603,ns,,,,,
"BM_PdqSort_uint32_Ascending_1024",739508224,0.94787,0.947693,ns,,,,,
"BM_PdqSort_uint32_Ascending_16384",798490624,0.876712,0.87671,ns,,,,,
"BM_PdqSort_uint32_Ascending_262144",725352448,0.966663,0.966067,ns,,,,,
"BM_PdqSort_uint32_Descending_1",186908672,3.7787,3.77493,ns,,,,,
"BM_PdqSort_uint32_Descending_4",326369280,2.14505,2.14489,ns,,,,,
"BM_PdqSort_uint32_Descending_16",186122240,3.73435,3.7341,ns,,,,,
"BM_PdqSort_uint32_Descending_64",334495744,2.10178,2.10162,ns,,,,,
"BM_PdqSort_uint32_Descending_256",333971456,2.09509,2.09508,ns,,,,,
"BM_PdqSort_uint32_Descending_1024",370409472,1.89266,1.89267,ns,,,,,
"BM_PdqSort_uint32_Descending_16384",397148160,1.76484,1.76502,ns,,,,,
"BM_PdqSort_uint32_Descending_262144",386924544,1.81072,1.81007,ns,,,,,
"BM_PdqSort_uint32_SingleElement_1",185860096,3.76166,3.75817,ns,,,,,
"BM_PdqSort_uint32_SingleElement_4",388759552,1.82275,1.8226,ns,,,,,
"BM_PdqSort_uint32_SingleElement_16",777256960,0.904522,0.904351,ns,,,,,
"BM_PdqSort_uint32_SingleElement_64",572784640,1.22043,1.22036,ns,,,,,
"BM_PdqSort_uint32_SingleElement_256",747110400,0.936736,0.936675,ns,,,,,
"BM_PdqSort_uint32_SingleElement_1024",802684928,0.87245,0.87229,ns,,,,,
"BM_PdqSort_uint32_SingleElement_16384",891551744,0.787308,0.787311,ns,,,,,
"BM_PdqSort_uint32_SingleElement_262144",799014912,0.880379,0.878808,ns,,,,,
"BM_PdqSort_uint32_PipeOrgan_1",186122240,3.75842,3.755,ns,,,,,
"BM_PdqSort_uint32_PipeOrgan_4",384303104,1.82046,1.82038,ns,,,,,
"BM_PdqSort_uint32_PipeOrgan_16",375914496,1.86533,1.86532,ns,,,,,
"BM_PdqSort_uint32_PipeOrgan_64",200015872,3.4956,3.49558,ns,,,,,
"BM_PdqSort_uint32_PipeOrgan_256",272629760,2.56815,2.56803,ns,,,,,
"BM_PdqSort_uint32_PipeOrgan_1024",179568640,3.90131,3.90143,ns,,,,,
"BM_PdqSort_uint32_PipeOrgan_16384",151781376,4.62967,4.62987,ns,,,,,
"BM_PdqSort_uint32_PipeOrgan_262144",129761280,5.39408,5.39383,ns,,,,,
"BM_PdqSort_uint64_Random_1",185335808,3.76848,3.76451,ns,,,,,
"BM_PdqSort_uint64_Random_4",140771328,4.98919,4.98555,ns,,,,,
"BM_PdqSort_uint64_Random_16",82837504,8.46735,8.46343,ns,,,,,
"BM_PdqSort_uint64_Random_64",54788096,12.7477,12.7446,ns,,,,,
"BM_PdqSort_uint64_Random_256",45088768,15.5986,15.5964,ns,,,,,
"BM_PdqSort_uint64_Random_1024",40370176,17.4369,17.4366,ns,,,,,
"BM_PdqSort_uint64_Random_16384",33816576,20.9406,20.9406,ns,,,,,
"BM_PdqSort_uint64_Random_262144",28573696,24.6272,24.6256,ns,,,,,
"BM_PdqSort_uint64_Ascending_1",185597952,3.76473,3.76215,ns,,,,,
"BM_PdqSort_uint64_Ascending_4",435683328,1.596,1.59577,ns,,,,,
"BM_PdqSort_uint64_Ascending_16",793509888,0.880172,0.880064,ns,,,,,
"BM_PdqSort_uint64_Ascending_64",691011584,1.02217,1.022,ns,,,,,
"BM_PdqSort_uint64_Ascending_256",612630528,1.14187,1.14182,ns,,,,,
"BM_PdqSort_uint64_Ascending_1024",692846592,1.01027,1.01029,ns,,,,,
"BM_PdqSort_uint64_Ascending_16384",787218432,0.891159,0.891218,ns,,,,,
"BM_PdqSort_uint64_Ascending_262144",606076928,1.16367,1.1621,ns,,,,,
"BM_PdqSort_uint64_Descending_1",186646528,3.76182,3.75905,ns,,,,,
"BM_PdqSort_uint64_Descending_4",320602112,2.20209,2.20189,ns,,,,,
"BM_PdqSort_uint64_Descending_16",142606336,4.91866,4.91881,ns,,,,,
"BM_PdqSort_uint64_Descending_64",321912832,2.17822,2.17819,ns,,,,,
"BM_PdqSort_uint64_Descending_256",306970624,2.28495,2.28491,ns,,,,,
"BM_PdqSort_uint64_Descending_1024",339476480,2.06368,2.06381,ns,,,,,
"BM_PdqSort_uint64_Descending_16384",380108800,1.84347,1.84357,ns,,,,,
"BM_PdqSort_uint64_Descending_262144",348389376,2.02733,2.02572,ns,,,,,
"BM_PdqSort_uint64_SingleElement_1",185597952,3.76865,3.76588,ns,,,,,
"BM_PdqSort_uint64_SingleElement_4",436731904,1.60227,1.60199,ns,,,,,
"BM_PdqSort_uint64_SingleElement_16",794820608,0.879228,0.878951,ns,,,,,
"BM_PdqSort_uint64_SingleElement_64",520355840,1.34522,1.34506,ns,,,,,
"BM_PdqSort_uint64_SingleElement_256",657457152,1.06269,1.06257,ns,,,,,
"BM_PdqSort_uint64_SingleElement_1024",739508224,0.94825,0.948265,ns,,,,,
"BM_PdqSort_uint64_SingleElement_16384",896532480,0.783015,0.782893,ns,,,,,
"BM_PdqSort_uint64_SingleElement_262144",665845760,1.04442,1.04287,ns,,,,,
"BM_PdqSort_uint64_PipeOrgan_1",186646528,3.76982,3.76717,ns,,,,,
"BM_PdqSort_uint64_PipeOrgan_4",403177472,1.7569,1.75691,ns,,,,,
"BM_PdqSort_uint64_PipeOrgan_16",353370112,1.97558,1.97556,ns,,,,,
"BM_PdqSort_uint64_PipeOrgan_64",200540160,3.49374,3.49362,ns,,,,,
"BM_PdqSort_uint64_PipeOrgan_256",257687552,2.70709,2.70701,ns,,,,,
"BM_PdqSort_uint64_PipeOrgan_1024",177209344,3.96289,3.96292,ns,,,,,
"BM_PdqSort_uint64_PipeOrgan_16384",149946368,4.65907,4.65912,ns,,,,,
"BM_PdqSort_uint64_PipeOrgan_262144",124518400,5.64574,5.64423,ns,,,,,
"BM_PdqSort_pair<uint32, uint32>_Random_1",185860096,3.76652,3.76131,ns,,,,,
"BM_PdqSort_pair<uint32, uint32>_Random_4",127926272,5.48037,5.47725,ns,,,,,
"BM_PdqSort_pair<uint32, uint32>_Random_16",60555264,11.6273,11.6194,ns,,,,,
"BM_PdqSort_pair<uint32, uint32>_Random_64",32505856,21.4992,21.4922,ns,,,,,
"BM_PdqSort_pair<uint32, uint32>_Random_256",26214400,27.0746,27.0717,ns,,,,,
"BM_PdqSort_pair<uint32, uint32>_Random_1024",21233664,32.8329,32.8318,ns,,,,,
"BM_PdqSort_pair<uint32, uint32>_Random_16384",15466496,44.8311,44.8282,ns,,,,,
"BM_PdqSort_pair<uint32, uint32>_Random_262144",12320768,56.685,56.6857,ns,,,,,
"BM_PdqSort_pair<uint32, uint32>_Ascending_1",185335808,3.79662,3.7935,ns,,,,,
"BM_PdqSort_pair<uint32, uint32>_Ascending_4",423100416,1.68327,1.68312,ns,,,,,
"BM_PdqSort_pair<uint32, uint32>_Ascending_16",692060160,1.00849,1.00842,ns,,,,,
"BM_PdqSort_pair<uint32, uint32>_Ascending_64",514064384,1.36021,1.36016,ns,,,,,
"BM_PdqSort_pair<uint32, uint32>_Ascending_256",507510784,1.38056,1.38027,ns,,,,,
"BM_PdqSort_pair<uint32, uint32>_Ascending_1024",583008256,1.20306,1.20307,ns,,,,,
"BM_PdqSort_pair<uint32, uint32>_Ascending_16384",648282112,1.08291,1.08282,ns,,,,,
"BM_PdqSort_pair<uint32, uint32>_Ascending_262144",652476416,1.07663,1.07654,ns,,,,,
"BM_PdqSort_pair<uint32, uint32>_Descending_1",186122240,3.76347,3.76014,ns,,,,,
"BM_PdqSort_pair<uint32, uint32>_Descending_4",249823232,2.80635,2.80641,ns,,,,,
"BM_PdqSort_pair<uint32, uint32>_Descending_16",110100480,6.36992,6.36979,ns,,,,,
"BM_PdqSort_pair<uint32, uint32>_Descending_64",269221888,2.59999,2.59994,ns,,,,,
"BM_PdqSort_pair<uint32, uint32>_Descending_256",290193408,2.40442,2.4045,ns,,,,,
"BM_PdqSort_pair<uint32, uint32>_Descending_1024",351272960,1.99828,1.99841,ns,,,,,
"BM_PdqSort_pair<uint32, uint32>_Descending_16384",376438784,1.86002,1.85996,ns,,,,,
"BM_PdqSort_pair<uint32, uint32>_Descending_262144",376700928,1.86116,1.861,ns,,,,,
"BM_PdqSort_pair<uint32, uint32>_SingleElement_1",174063616,4.03238,4.02919,ns,,,,,
"BM_PdqSort_pair<uint32, uint32>_SingleElement_4",380895232,1.83233,1.83222,ns,,,,,
"BM_PdqSort_pair<uint32, uint32>_SingleElement_16",659292160,1.05859,1.05848,ns,,,,,
"BM_PdqSort_pair<uint32, uint32>_SingleElement_64",421003264,1.66104,1.66099,ns,,,,,
"BM_PdqSort_pair<uint32, uint32>_SingleElement_256",488112128,1.42952,1.42927,ns,,,,,
"BM_PdqSort_pair<uint32, uint32>_SingleElement_1024",556793856,1.26043,1.26049,ns,,,,,
"BM_PdqSort_pair<uint32, uint32>_SingleElement_16384",663748608,1.05707,1.05695,ns,,,,,
"BM_PdqSort_pair<uint32, uint32>_SingleElement_262144",666894336,1.04857,1.04852,ns,,,,,
"BM_PdqSort_pair<uint32, uint32>_PipeOrgan_1",186384384,3.7659,3.7623,ns,,,,,
"BM_PdqSort_pair<uint32, uint32>_PipeOrgan_4",353894400,1.98299,1.98277,ns,,,,,
"BM_PdqSort_pair<uint32, uint32>_PipeOrgan_16",283377664,2.45866,2.45862,ns,,,,,
"BM_PdqSort_pair<uint32, uint32>_PipeOrgan_64",148111360,4.73044,4.73027,ns,,,,,
"BM_PdqSort_pair<uint32, uint32>_PipeOrgan_256",212598784,3.2908,3.29073,ns,,,,,
"BM_PdqSort_pair<uint32, uint32>_PipeOrgan_1024",156237824,4.47915,4.47898,ns,,,,,
"BM_PdqSort_pair<uint32, uint32>_PipeOrgan_16384",139722752,4.97536,4.97555,ns,,,,,
"BM_PdqSort_pair<uint32, uint32>_PipeOrgan_262144",126615552,5.53851,5.53861,ns,,,,,
"BM_PdqSort_tuple<uint32, uint64, uint32>_Random_1",172752896,4.02437,4.02112,ns,,,,,
"BM_PdqSort_tuple<uint32, uint64, uint32>_Random_4",106168320,6.55366,6.5447,ns,,,,,
"BM_PdqSort_tuple<uint32, uint64, uint32>_Random_16",46923776,14.9081,14.8954,ns,,,,,
"BM_PdqSort_tuple<uint32, uint64, uint32>_Random_64",27262976,25.6812,25.6651,ns,,,,,
"BM_PdqSort_tuple<uint32, uint64, uint32>_Random_256",22282240,31.5422,31.5361,ns,,,,,
"BM_PdqSort_tuple<uint32, uint64, uint32>_Random_1024",18874368,37.3901,37.3883,ns,,,,,
"BM_PdqSort_tuple<uint32, uint64, uint32>_Random_16384",14155776,50.314,50.3145,ns,,,,,
"BM_PdqSort_tuple<uint32, uint64, uint32>_Random_262144",10747904,64.8093,64.8075,ns,,,,,
"BM_PdqSort_tuple<uint32, uint64, uint32>_Ascending_1",173801472,4.0183,4.01497,ns,,,,,
"BM_PdqSort_tuple<uint32, uint64, uint32>_Ascending_4",354942976,1.95653,1.95479,ns,,,,,
"BM_PdqSort_tuple<uint32, uint64, uint32>_Ascending_16",562036736,1.2406,1.24001,ns,,,,,
"BM_PdqSort_tuple<uint32, uint64, uint32>_Ascending_64",287834112,2.4329,2.43247,ns,,,,,
"BM_PdqSort_tuple<uint32, uint64, uint32>_Ascending_256",267386880,2.61144,2.61101,ns,,,,,
"BM_PdqSort_tuple<uint32, uint64, uint32>_Ascending_1024",358088704,1.95708,1.95675,ns,,,,,
"BM_PdqSort_tuple<uint32, uint64, uint32>_Ascending_16384",410255360,1.70743,1.70727,ns,,,,,
"BM_PdqSort_tuple<uint32, uint64, uint32>_Ascending_262144",414187520,1.69172,1.6916,ns,,,,,
"BM_PdqSort_tuple<uint32, uint64, uint32>_Descending_1",174325760,4.02151,4.01823,ns,,,,,
"BM_PdqSort_tuple<uint32, uint64, uint32>_Descending_4",199753728,3.47466,3.47362,ns,,,,,
"BM_PdqSort_tuple<uint32, uint64, uint32>_Descending_16",84148224,8.3666,8.36606,ns,,,,,
"BM_PdqSort_tuple<uint32, uint64, uint32>_Descending_64",185073664,3.77229,3.77245,ns,,,,,
"BM_PdqSort_tuple<uint32, uint64, uint32>_Descending_256",181141504,3.85388,3.85349,ns,,,,,
"BM_PdqSort_tuple<uint32, uint64, uint32>_Descending_1024",220200960,3.1643,3.16407,ns,,,,,
"BM_PdqSort_tuple<uint32, uint64, uint32>_Descending_16384",243531776,2.86308,2.86312,ns,,,,,
"BM_PdqSort_tuple<uint32, uint64, uint32>_Descending_262144",248512512,2.81852,2.8182,ns,,,,,
"BM_PdqSort_tuple<uint32, uint64, uint32>_SingleElement_1",174325760,4.01397,4.01051,ns,,,,,
"BM_PdqSort_tuple<uint32, uint64, uint32>_SingleElement_4",345243648,2.02379,2.02211,ns,,,,,
"BM_PdqSort_tuple<uint32, uint64, uint32>_SingleElement_16",497025024,1.43389,1.43326,ns,,,,,
"BM_PdqSort_tuple<uint32, uint64, uint32>_SingleElement_64",262144000,2.66911,2.66865,ns,,,,,
"BM_PdqSort_tuple<uint32, uint64, uint32>_SingleElement_256",283377664,2.47173,2.47131,ns,,,,,
"BM_PdqSort_tuple<uint32, uint64, uint32>_SingleElement_1024",375390208,1.86513,1.86475,ns,,,,,
"BM_PdqSort_tuple<uint32, uint64, uint32>_SingleElement_16384",411828224,1.68647,1.68605,ns,,,,,
"BM_PdqSort_tuple<uint32, uint64, uint32>_SingleElement_262144",411041792,1.69928,1.6992,ns,,,,,
"BM_PdqSort_tuple<uint32, uint64, uint32>_PipeOrgan_1",174850048,4.02844,4.02496,ns,,,,,
"BM_PdqSort_tuple<uint32, uint64, uint32>_PipeOrgan_4",287309824,2.44672,2.44511,ns,,,,,
"BM_PdqSort_tuple<uint32, uint64, uint32>_PipeOrgan_16",230948864,3.01809,3.01758,ns,,,,,
"BM_PdqSort_tuple<uint32, uint64, uint32>_PipeOrgan_64",100925440,6.93304,6.93246,ns,,,,,
"BM_PdqSort_tuple<uint32, uint64, uint32>_PipeOrgan_256",144441344,4.83778,4.83775,ns,,,,,
"BM_PdqSort_tuple<uint32, uint64, uint32>_PipeOrgan_1024",110624768,6.33717,6.33693,ns,,,,,
"BM_PdqSort_tuple<uint32, uint64, uint32>_PipeOrgan_16384",97517568,7.1652,7.16514,ns,,,,,
"BM_PdqSort_tuple<uint32, uint64, uint32>_PipeOrgan_262144",81002496,8.43211,8.43216,ns,,,,,
"BM_PdqSort_string_Random_1",142606336,4.92063,4.91694,ns,,,,,
"BM_PdqSort_string_Random_4",38535168,18.3446,18.3366,ns,,,,,
"BM_PdqSort_string_Random_16",16515072,42.5854,42.5748,ns,,,,,
"BM_PdqSort_string_Random_64",11272192,63.5937,63.5913,ns,,,,,
"BM_PdqSort_string_Random_256",8650752,82.2651,82.2628,ns,,,,,
"BM_PdqSort_string_Random_1024",6815744,102.402,102.395,ns,,,,,
"BM_PdqSort_string_Random_16384",4718592,151.878,151.869,ns,,,,,
"BM_PdqSort_string_Random_262144",3145728,216.893,216.88,ns,,,,,
"BM_PdqSort_string_Ascending_1",142868480,4.90078,4.89718,ns,,,,,
"BM_PdqSort_string_Ascending_4",59244544,11.7805,11.7794,ns,,,,,
"BM_PdqSort_string_Ascending_16",43515904,16.0616,16.0602,ns,,,,,
"BM_PdqSort_string_Ascending_64",33554432,20.9605,20.9572,ns,,,,,
"BM_PdqSort_string_Ascending_256",34603008,20.3394,20.3363,ns,,,,,
"BM_PdqSort_string_Ascending_1024",32505856,21.6527,21.6511,ns,,,,,
"BM_PdqSort_string_Ascending_16384",26214400,26.8999,26.8977,ns,,,,,
"BM_PdqSort_string_Ascending_262144",15990784,43.4338,43.4328,ns,,,,,
"BM_PdqSort_string_Descending_1",143392768,4.91244,4.90866,ns,,,,,
"BM_PdqSort_string_Descending_4",46137344,15.272,15.2707,ns,,,,,
"BM_PdqSort_string_Descending_16",14417920,48.8397,48.8339,ns,,,,,
"BM_PdqSort_string_Descending_64",25952256,26.7483,26.7444,ns,,,,,
"BM_PdqSort_string_Descending_256",26738688,26.6117,26.6087,ns,,,,,
"BM_PdqSort_string_Descending_1024",25165824,27.9036,27.901,ns,,,,,
"BM_PdqSort_string_Descending_16384",19136512,35.9764,35.9731,ns,,,,,
"BM_PdqSort_string_Descending_262144",11796480,54.1396,54.1386,ns,,,,,
"BM_PdqSort_string_SingleElement_1",136052736,5.11874,5.11534,ns,,,,,
"BM_PdqSort_string_SingleElement_4",67371008,10.5956,10.5949,ns,,,,,
"BM_PdqSort_string_SingleElement_16",68681728,10.206,10.2057,ns,,,,,
"BM_PdqSort_string_SingleElement_64",28311552,24.565,24.5624,ns,,,,,
"BM_PdqSort_string_SingleElement_256",34865152,20.3498,20.3474,ns,,,,,
"BM_PdqSort_string_SingleElement_1024",42467328,16.6926,16.6895,ns,,,,,
"BM_PdqSort_string_SingleElement_16384",52428800,13.5305,13.5293,ns,,,,,
"BM_PdqSort_string_SingleElement_262144",47185920,14.932,14.9322,ns,,,,,
"BM_PdqSort_string_PipeOrgan_1",142344192,4.93104,4.92757,ns,,,,,
"BM_PdqSort_string_PipeOrgan_4",54788096,12.9681,12.9659,ns,,,,,
"BM_PdqSort_string_PipeOrgan_16",27262976,25.9973,25.9938,ns,,,,,
"BM_PdqSort_string_PipeOrgan_64",15204352,45.0418,45.0355,ns,,,,,
"BM_PdqSort_string_PipeOrgan_256",22544384,31.2415,31.236,ns,,,,,
"BM_PdqSort_string_PipeOrgan_1024",15990784,43.4112,43.4074,ns,,,,,
"BM_PdqSort_string_PipeOrgan_16384",11796480,59.7575,59.7534,ns,,,,,
"BM_PdqSort_string_PipeOrgan_262144",7077888,100.028,100.018,ns,,,,,
